1,1;14;18
2,4;6;7
3,6;7;18
4,4;7;12
5,2;8;9
6,1;2;16
7,6;7
8,1;2;7
9,1;2;9
10,1;2;7
11,5;7;15
12,7;14;16
13,6;7;14
14,7;15;18
15,1;11;16
16,2;5;8
17,3;2;5
18,6;7
19,6;7;18
20,7;11;16
21,11;14
22,7;12
23,3;2;5
24,1;6;14
25,5;6;13
26,5;15
27,1;2;5
28,11;14;18
29,7;14;18
30,1;2;5
31,3;2;8
32,5;7;15
33,7;15
34,1;7;16
35,5;7
36,5;7;15
37,1;2;16
38,1;7;10
39,5;15
40,1;2;16
41,5;7;15
42,6;18
43,7;14;15
44,1;11;16
45,5;9
46,5;7;15
47,1;2;9
48,6;7;18
49,1;2;18
50,5;15
51,7;15
52,1;2;18
53,3;2;7
54,1;2;7
55,6;7;18
56,6;14;18
57,7;18
58,1;2;9
59,5;7;15
60,4;7;15
61,2;5;8
62,1;6;18
63,11
64,11;18
65,7
66,2;5;8
67,5;15
68,1;7;18
69,7;8;17
70,5;7;15
71,7
72,6;7;15
73,7;9;11
74,5
75,5;6;7
76,6;7;14
77,5;8;9
78,7
79,5;7
80,1;11;18
81,4;5;6
82,6;7;18
83,5;15
84,5;15
85,1;2;5
86,7;15;17
87,5
88,6;7;18
89,1;6;7
90,7;14;15
91,7;10;18
92,7;14;15
93,5;7;15
94,7;19
95,6;7;14
96,1;2;5
97,3;2;5
98,7;15
99,4;6;7
100,1;6;7
101,7;11;14
102,7
103,5;7;11
104,5;7
105,4;5;7
106,2;5;8
107,7;8;9
108,5;9;11
109,1;5
110,1;2;11
111,5;7;15
112,6;7
113,5;7;15
114,1;5;16
115,11;14;16
116,4;7
117,6;7;14
118,5;15
119,2;7;15
120,2;5;7
121,5;7;15
122,6;7;18
123,5
124,5;7;9
125,7;15
126,5;15
127,5;6;7
128,6;18
129,5;7;16
130,7
131,11;18
132,1;6;7
133,1;7;19
134,11
135,5;7
136,5;7;15
137,7;8
138,7;13;15
139,1;5;16
140,7;18
141,4;7
142,4;6;7
143,1;6;7
144,1;5
145,5;7
146,7;15
147,7;11;19
148,3;2;8
149,6;7;18
150,1;2;7
151,1;5;18
152,3;5;13
153,5
154,1;7;18
155,7;14;18
156,2;5;8
157,6;7;14
158,3;2;5
159,1;2;5
160,7;15
161,5;6;13
162,7;18
163,7
164,5;6;18
165,7;9;14
166,1;16;17
167,5;12
168,5;7;17
169,1;11;14
170,5;7;15
171,7;15;18
172,5;15
173,6;7;14
174,7
175,7;15;18
176,7;14;18
177,5;8;9
178,5;15
179,7
180,7;9;10
181,5;7
182,11;14;18
183,7
184,5;6
185,7;11;14
186,1;5;6
187,7;15
188,5;7;15
189,2;7;14
190,5;8;12
191,1;6;7
192,5;7;12
193,3;1;2002
194,4;6;7
195,6;11;18
196,1;5;6
197,5;7
198,6;7;14
199,5;7;15
200,7;10;19
201,7
202,1;2;7
203,1;2;9
204,5;12
205,7;15
206,1;7;14
207,2;5;8
208,1;6;7
209,6;7;14
210,5;15
211,3;2;5
212,5;7;15
213,5
214,2;8;9
215,1;2;7
216,5;7
217,6;7;14
218,1;6;18
219,2;5;8
220,2;5;7
221,2;7;9
222,1;16
223,11
224,1;16;18
225,1;7
226,11;18
227,4;6;7
228,1;9;18
229,6;7;18
230,14;18
231,1;16
232,7
233,5;9
234,11;18
235,5;7;15
236,1;6
237,7
238,1;2;6
239,6;7
240,2;7;15
241,1;16
242,1;6;18
243,1;2;9
244,5;8
245,1;2;5
246,5;8;9
247,1;2;16
248,5
249,1;5;6
250,5
251,1;16
252,5;15
253,7
254,6;11
255,1;7;18
256,11
257,1;2;5
258,1;11
259,3;2;5
260,6;7;14
261,1;18
262,1;2;5
263,6;7;18
264,5;7;8
265,14;18
266,9;11;14
267,1;7;15
268,7;15
269,5
270,5;7;15
271,6;7;14
272,4;7;15
273,1;6;18
274,6;7;18
275,1;6;7
276,2;18;20
277,5;7;8
278,11;14;18
279,5;8
280,1;6;18
281,1;2;5
282,2;5;8
283,7;11;14
284,5;6;7
285,5;15
286,6;7;18
287,1;2;9
288,4;7;17
289,5;7;12
290,5
291,1;2;16
292,5;8;9
293,1;14;16
294,3;2;5
295,7;11;16
296,3;2;5
297,1;2;5
298,2;5;17
299,5;6
300,5;7
301,6;7;14
302,7;10;17
303,1;2;5
304,5;6;7
305,5;7;15
306,6;7
307,5;6;15
308,7;10
309,1;6;7
310,4;7;10
311,5;12
312,1;2;5
313,2;7;11
314,5
315,5;6;15
316,7;12;15
317,1;5;6
318,7;10
319,7
320,5;7;13
321,5;7;12
322,5
323,5;7;15
324,5;7
325,5;15
326,1;2;11
327,1;6;7
328,5;15;7
329,11
330,4;7;10
331,5;6;7
332,2;11;14
333,5
334,6;7
335,4;7;10
336,3;2;5
337,7;14;18
338,7;15
339,7;15
340,7;15
341,5
342,1;5;9
343,5;7;15
344,4;6;7
345,3;2;5
346,7;15;18
347,7;15
348,1;2;4
349,7;15
350,2;7
351,7
352,4;5;7
353,1;5;9
354,4;6;7
355,1;5;6
356,1;6;7
357,7;15
358,5
359,5;7;15
360,5
361,11;14
362,7;6
363,1;7;15
364,1;7;15
365,3;2;5
366,5;15
367,1;7
368,5;7
369,7;11;18
370,1;5;18
371,1;7;18
372,1;4;6
373,1;5;6
374,5;15
375,5
376,5;7
377,5;6;14
378,1;7;19
379,7;18
380,5;15
381,7;11
382,7
383,7;15
384,7;15;19
385,5;6;13
386,11;14;18
387,6;18
388,5;7;15
389,5;6;7
390,7
391,5;7;13
392,2;7;15
393,1;5;6
394,7;11;14
395,5;7;9
396,5;13;15
397,3;2;5
398,5;6;7
399,7;15
400,1;2;7
401,7
402,7;15
403,7;15;16
404,2;8;9
405,5
406,3;2;5
407,1;14;18
408,7
409,11;14;18
410,3;2;8
411,5;7;15
412,3;1;2002
413,5;6
414,7;15
415,5
416,3;2;5
417,5
418,5;11
419,6;7;18
420,5;7;15
421,5;17
422,1;2;16
423,1;6;7
424,1;2;16
425,4;7;10
426,7;13;15
427,1;7;17
428,7;17
429,7;18
430,4;7
431,5;7;15
432,1;2;9
433,1;2;14
434,2;5;8
435,7;16;18
436,7;14;18
437,5;9;15
438,1;6;7
439,7;12;15
440,7;14;16
441,5
442,1;2;16
443,1;11
444,1;6;7
445,5;8;15
446,1;14;16
447,1;2;9
448,1;6;18
449,1;4;7
450,7
451,6;18
452,7;15
453,1;2;5
454,1;2;7
455,1;6;7
456,5;7;15
457,1;11;16
458,1;5
459,5;7;15
460,5;7
461,5;8;9
462,1;11;16
463,5;8;15
464,4;7;10
465,2;5
466,5;15
467,1;5;9
468,3;2;5
469,1;2;11
470,7;14;18
471,5;7;15
472,7;16;18
473,5;15
474,5;11;14
475,2;5;8
476,11;14;18
477,7;15
478,3;2;5
479,1;6;9
480,5;7;15
481,4;7;10
482,4;7;12
483,5;7
484,5;7;15
485,4;7;8
486,5;6;8
487,7
488,6;7;18
489,7;14;16
490,3;2;5
491,7
492,7;9;14
493,2;5;14
494,1;2;5
495,5;8;15
496,1;5;6
497,7;14;15
498,5;8;15
499,7;12;15
500,5;11;16
501,5;6
502,6;14;18
503,1;2;11
504,1;6;18
505,5;11;18
506,7;15;16
507,11;14;18
508,1;6
509,7;15
510,4;7;15
511,6;7;15
512,7;12
513,11;14;18
514,7
515,2;4;7
516,7
517,7;15
518,1;2;7
519,5;8;12
520,5;6;18
521,5
522,5
523,5;15
524,1;5;15
525,6;11;18
526,5;7;12
527,6;7
528,1;2;7
529,5;7;13
530,6;7;17
531,5;7;15
532,1;2;4
533,7;15
534,7
535,3;7;15
536,6;7;14
537,6;7
538,11;14;18
539,7;10;19
540,5;6;7
541,3;2;5
542,7;14;15
543,1;5;6
544,7;13
545,1;2;14
546,5
547,4;7
548,1;2;5
549,5;7;15
550,1;5;6
551,4;7;10
552,8;12;13
553,5;15
554,5;7;15
555,7
556,7;15
557,5;15;17
558,6;11;14
559,1;9;11
560,5;7;12
561,1;6;7
562,7;15
563,11
564,1;6;16
565,1;6;18
566,1;2;9
567,5;6;18
568,5
569,5;7;15
570,5;8;9
571,5;7
572,7;15
573,7;14;16
574,7;16;18
575,1;7;18
576,7;8;13
577,5;7;15
578,5;7
579,7
580,1;2;5
581,1;6;7
582,5;15
583,4;7;15
584,5;8
585,7;11
586,5;8;16
587,5;7;9
588,6;7
589,6;7
590,1;6;11
591,5;7;15
592,6;7;15
593,7;17;18
594,7
595,2;5;16
596,1;7;15
597,1;2;5
598,11;18
599,3;7;14
600,5;7;9
601,7;15
602,7
603,2;8;9
604,1;9;11
605,1;2;7
606,1;6;7
607,2;8;9
608,1;2;9
609,6;18
610,2;5;8
611,1;5;8
612,1;2;7
613,5;15
614,1;7;16
615,7;15
616,7
617,7;15
618,5
619,4;7;12
620,5;15
621,6;7;17
622,2;11;18
623,4;7;19
624,1;2;16
625,3;2;5
626,7;15
627,3;2;5
628,11
629,1;5;6
630,1;2;16
631,11;14
632,11;18
633,6;7
634,1;7;10
635,1;2;5
636,1;6;7
637,1;16;18
638,7;14;15
639,4;7;17
640,2;5;16
641,4;7;17
642,5;6;17
643,7;11;18
644,1;5;7
645,4;7;15
646,1;2;9
647,18
648,5;8;9
649,5;7;15
650,7;15;18
651,5;7;15
652,1;2;5
653,5;11
654,6;11;20
655,1;6;7
656,3;7;8
657,5;6;14
658,11
659,4;7;10
660,11;18
661,7;18
662,5
663,5;7;15
664,3;2;5
665,1;2;15
666,7;13;15
667,5;15
668,1;6;7
669,1;2;6
670,7;15;18
671,5;15
672,5;8;9
673,1;5;6
674,5;15
675,4;7;17
676,5;7
677,1;6;7
678,1;2;5
679,1;2;5
680,7;9;14
681,2;11;16
682,1;2;6
683,6;7;14
684,3;2;5
685,7;11;14
686,6;7;18
687,1;11;16
688,1;2;16
689,3;2;5
690,4;6;7
691,7;14;18
692,5;7;9
693,7;14;18
694,5;7;15
695,4;7;17
696,5;7
697,5;7;15
698,2;5;8
699,5;17
700,5;7;15
701,7;8;17
702,5;6;12
703,1;6;18
704,5;6
705,5;7
706,6;7;18
707,1;4;6
708,5;7;8
709,5;11
710,2;5;8
711,5;6;13
712,2;5;7
713,1;5;11
714,2;5;8
715,6;7
716,1;6;7
717,1;9;11
718,5;7;14
719,7;18
720,7;8
721,2;5;15
722,1;11;16
723,11;14
724,5;7;15
725,1;2;16
726,6;7;12
727,4;7;10
728,11;16;18
729,11;14
730,11;14
731,5;8;15
732,5;7;15
733,5;7;15
734,4;6;7
735,5;15
736,7;14;18
737,1;6;7
738,5;6
739,6;7;18
740,6;14;18
741,6;7
742,1;6;7
743,7;11;14
744,4;7
745,5;8;15
746,5;15
747,7;8;15
748,1;6;7
749,7;15
750,5;7
751,5;13;15
752,5
753,6;7;20
754,5;9;15
755,5;8;15
756,7;14
757,5
758,5;7;8
759,5;7;12
760,11;14;18
761,5;7;15
762,7
763,5;7;9
764,1;6;7
765,5;8;15
766,1;6;7
767,7;11;14
768,5;6;7
769,7;15;17
770,7
771,7;11;18
772,1;2;6
773,6;7;17
774,5;17
775,7
776,7;9;11
777,5;7;12
778,2;5;7
779,1;5;7
780,6;14;18
781,5;7
782,1;7;19
783,6;7
784,5;7
785,6;7;18
786,3;1;2002
787,5;15
788,1;5;6
789,3;2;5
790,11;14;18
791,7;11;14
792,2;6;7
793,1;2;11
794,11;14;18
795,5;7
796,7;9
797,5;7;15
798,11
799,7;15;18
800,5;7
801,6;7;14
802,6;7;18
803,5;17
804,7;14;16
805,3;2;5
806,3;2;5
807,1;2;7
808,1;7
809,1;7;16
810,11;14
811,1;5;6
812,1;2;18
813,2;5;16
814,5;7
815,5;7
816,5;7;15
817,1;6;18
818,5;15;17
819,5;15
820,7;9;19
821,5;11;16
822,7;14;18
823,5;17
824,1;2;9
825,1;2;16
826,1;2;18
827,5;7;9
828,7;15
829,2;5;8
830,5;8;17
831,1;7;17
832,5;7;15
833,4;7
834,7;12
835,11;18
836,7;11;16
837,5
838,14;18
839,6;7;9
840,4;7;10
841,2;7;18
842,11;18
843,1;2;16
844,1;2;8
845,1;2;9
846,7;9;14
847,7;14;15
848,2;7;9
849,5
850,7
851,5;15
852,3;2;5
853,7;9;14
854,1;2;5
855,6;11;14
856,6;7;18
857,2;5;12
858,3;5;8
859,5
860,5;8;9
861,2;5;6
862,1;6;16
863,5;7;15
864,1;2;6
865,5
866,5;7;15
867,1;2;14
868,3;1;2002
869,7;10;18
870,1;6;18
871,5
872,1;2;6
873,7;9;15
874,1;2;7
875,4;7;10
876,7;10;18
877,6;7;15
878,3;7;9
879,3;5;6
880,1;2;7
881,5;17
882,6;7
883,3;2;5
884,7;14;18
885,6;7;12
886,4;6;7
887,5;7;14
888,11;14;18
889,5;15
890,7;12;13
891,5;7;9
892,6;7;14
893,1;9;18
894,5;9;15
895,1;2;7
896,3;2;5
897,7;9;14
898,2;5;8
899,5;6
900,11;18
901,5
902,5;7;17
903,5;7;15
904,11;14;18
905,7;19
906,4;7;17
907,6;7;14
908,5;15
909,1;2;18
910,7;18;19
911,1;6;7
912,1;6;18
913,3;2;5
914,7;15
915,5;7
916,7;9;11
917,5;9;15
918,1;7;15
919,7;8;15
920,2;5;8
921,4;7;15
922,7
923,7;15
924,4;7
925,7;11;18
926,1;7;10
927,3;2;5
928,5;9;15
929,5;7;15
930,2;7;11
931,2;4;19
932,9;11;14
933,6;7;14
934,7;18
935,1;11;18
936,1;16
937,1;4;7
938,3;2;9
939,11;14;18
940,2;7;8
941,11;18
942,5;7
943,3;2;5
944,5;6;7
945,7;8
946,4;7;17
947,5;15
948,3;2;5
949,7;17
950,7
951,6;7;9
952,5;15
953,4;6;7
954,3;2;5
955,1;5;7
956,5;11;18
957,11;16;18
958,5;11
959,5;6
960,5;15;16
961,1;7;15
962,1;7;10
963,11
964,3;2;5
965,4;7
966,5;7;9
967,5;6
968,5;7;15
969,1;7;18
970,11;18
971,1;6;18
972,5;7;15
973,3;2;5
974,5;7;15
975,2;7;8
976,7
977,5;11;16
978,1;6;18
979,4;7;10
980,4;6;7
981,7;9;17
982,7
983,7
984,7;15;17
985,5
986,5;7;15
987,1;7;18
988,1;2;8
989,5;15
990,7
991,4;7;10
992,2;5;8
993,5;7;15
994,5;6;9
995,7;12
996,6;7;13
997,1;5;6
998,5;8
999,1;2;5
1000,7;15
1001,6;7;18
1002,5
1003,11;16;18
1004,1;18
1005,7
1006,3;2;5
1007,4;5;7
1008,1;2;16
1009,7;9;14
1010,7;14;15
1011,1;2;8
1012,6;7;14
1013,6;7;11
1014,1;5;14
1015,1;14;18
1016,2;4;7
1017,2;8;9
1018,7;8;9
1019,1;9;18
1020,4;6;7
1021,6;7;14
1022,6;7;18
1023,5;15
1024,5;7
1025,1;7;18
1026,5;7;13
1027,1;7;18
1028,1;2;16
1029,16;18
1030,3;2;5
1031,1;2;9
1032,1;7;11
1033,3;2;5
1034,7;11;13
1035,1;5;11
1036,4;6;7
1037,1;11;18
1038,2;5;15
1039,2;5;7
1040,1;6;18
1041,2;8;9
1042,1;6;7
1043,1;2;11
1044,5;8;9
1045,1;2;11
1046,6;7;14
1047,6;7;14
1048,1;18
1049,7;10;15
1050,9;11;14
1051,6;7;18
1052,3;2;5
1053,3;2;5
1054,6;7;18
1055,6;18
1056,11;14;18
1057,11
1058,2;5;9
1059,5;15
1060,5;7;15
1061,4;6;7
1062,5;17
1063,4;6;7
1064,11;14
1065,5;7;15
1066,3;2;5
1067,6;7;18
1068,1;2;9
1069,11;14;18
1070,6;11;14
1071,5;12
1072,1;11;16
1073,5
1074,11
1075,11;14;18
1076,2;6;7
1077,1;2;14
1078,1;5;6
1079,2;5;7
1080,3;1;2002
1081,7;12;15
1082,7
1083,5;9;11
1084,7;11;14
1085,5;7;15
1086,7;9;10
1087,6;14;18
1088,4;7;10
1089,1;2;5
1090,7;8
1091,6;7;14
1092,3;2;5
1093,1;2;11
1094,5;15
1095,1;16;18
1096,7
1097,3;7;8
1098,1;2;10
1099,11
1100,7;12
1101,3;2;5
1102,5;8;17
1103,5;15
1104,4;7;12
1105,1;5;18
1106,6;7;18
1107,1;6;7
1108,1;2;9
1109,5;7;15
1110,1;7;11
1111,6;7;9
1112,5;15
1113,7
1114,4;6;7
1115,11
1116,5;11
1117,5;12;15
1118,5;8;12
1119,4;7;12
1120,5;7;15
1121,5;7;15
1122,16;18
1123,5;8
1124,3;1;2002
1125,1;6;18
1126,11;18
1127,1;6;7
1128,5;8
1129,1;5
1130,1;2;5
1131,4;7;12
1132,11;18
1133,1;2;7
1134,1;4;6
1135,5;7;15
1136,11;14;16
1137,4;7;15
1138,1;6;7
1139,5;15
1140,1;4;7
1141,1;6;18
1142,4;7;15
1143,11
1144,4;7
1145,5;7;15
1146,7
1147,3;4;7
1148,5;7;15
1149,5;7
1150,5;7;15
1151,5;6;17
1152,5;7;15
1153,6;7;14
1154,5;7;15
1155,7
1156,1;2;7
1157,7;15
1158,5;7;15
1159,4;6;7
1160,5;17
1161,2;8;9
1162,6;7;14
1163,6;14;18
1164,1;6;7
1165,5;15;17
1166,6;11;18
1167,7;15
1168,7;9;14
1169,7;15;17
1170,1;5;6
1171,5;7
1172,18
1173,5;7;15
1174,1;2;6
1175,1;7;15
1176,7;15
1177,5;8;9
1178,6;7;14
1179,7;12;15
1180,5
1181,5;6;8
1182,6;18
1183,7;12
1184,7
1185,7;18
1186,5;7;15
1187,5;7;15
1188,7;18
1189,1;7;9
1190,7;15
1191,7
1192,1;5;7
1193,1;2;5
1194,11;14;18
1195,11;18
1196,6;7;18
1197,3;1;7
1198,7;14;15
1199,3;1;2002
1200,7;15
1201,1;6;7
1202,5;15
1203,7;9;15
1204,5;6;7
1205,1;2;2023
1206,1;2;16
1207,5;13;15
1208,5
1209,7;9;15
1210,1;5;19
1211,7
1212,11
1213,7;18;19
1214,3;2;8
1215,3;1;2002
1216,1;6;18
1217,5;7;15
1218,5
1219,7;15
1220,6;7;15
1221,1;2;11
1222,4;7;10
1223,5;7;15
1224,4;6;7
1225,7;15
1226,1;2;8
1227,1;2;8
1228,7;19
1229,7;17
1230,1;2;14
1231,1;6;18
1232,1;5
1233,5;6;7
1234,1;2;5
1235,1;4;7
1236,1;2;16
1237,1;6;18
1238,1;7;10
1239,1;5;7
1240,2;7;16
1241,5;15
1242,11;18
1243,11;14;18
1244,7;10;18
1245,1;6;7
1246,5;15
1247,3;1;2002
1248,1;2;16
1249,1;5;6
1250,7;15
1251,3;2;5
1252,1;2;7
1253,1;7;17
1254,1;2;9
1255,1;2;18
1256,6;7;10
1257,3;2;5
1258,1;5;16
1259,7;9;11
1260,2;7;16
1261,4;7;10
1262,5
1263,5
1264,2;11;18
1265,4;6;7
1266,1;2;9
1267,2;8;9
1268,5;16
1269,1;16;18
1270,6;14;18
1271,11;14
1272,1;6;7
1273,1;2;7
1274,3;2;5
1275,5;7;15
1276,6;7;18
1277,7
1278,1;2;5
1279,7
1280,2;5;8
1281,1;6;7
1282,1;14;18
1283,1;7;18
1284,5;15
1285,6;11;18
1286,7;8
1287,1;6;18
1288,1;2;5
1289,3;2;5
1290,2;7;8
1291,1;2;9
1292,5;7;9
1293,5;7;15
1294,5;17
1295,11;14;18
1296,4;7;10
1297,2;7;15
1298,7;14
1299,11;14
1300,5
1301,11
1302,7;15
1303,7;11;14
1304,1;2;16
1305,7
1306,5;9
1307,1;16;18
1308,6;18
1309,5;7;15
1310,1;6;7
1311,11;13;16
1312,7
1313,2;8;9
1314,11;14;18
1315,6;11;16
1316,5;15
1317,7;18
1318,7;14;18
1319,5;15;17
1320,5;7;8
1321,5;7;15
1322,5;15
1323,1;6;9
1324,5;6;18
1325,4;5;7
1326,3;1;11
1327,5;7
1328,5;7
1329,11;16;18
1330,2;5
1331,1;6;7
1332,7;15
1333,7
1334,5;15
1335,1;2;18
1336,14;15;18
1337,7;15
1338,5;7;12
1339,6;14;18
1340,5;9
1341,1;2;5
1342,1;2;7
1343,5;7;15
1344,2;5;8
1345,7;12;15
1346,1;6;7
1347,7;15
1348,2;5;7
1349,11;14
1350,6;7;18
1351,7;15
1352,7;15
1353,7;14;18
1354,5;15
1355,5;15
1356,5
1357,4;7;10
1358,4;7;15
1359,11;16
1360,6;7
1361,1;6;7
1362,6;7;14
1363,5;12
1364,6;7;11
1365,1;2;16
1366,7;15
1367,1;5;7
1368,5
1369,4;7;10
1370,6;7;15
1371,4;5;7
1372,5;11;16
1373,7
1374,1;7;14
1375,4;7;12
1376,6;7;18
1377,1;2;4
1378,1;7;10
1379,2;5;8
1380,1;4;6
1381,2;5;7
1382,7;15
1383,5;15
1384,5
1385,5;7;15
1386,1;5;6
1387,5;15
1388,7
1389,5;7
1390,5;15
1391,1;2;5
1392,11
1393,5;7;15
1394,3;2;5
1395,7;15
1396,5;7;15
1397,3;1;2002
1398,3;2;5
1399,6;7;18
1400,7
1401,1;2;9
1402,2;7;19
1403,5
1404,5;7;15
1405,11
1406,1;5;11
1407,1;2;8
1408,4;7;17
1409,1;7;14
1410,1;2;16
1411,3;2;5
1412,3;7;8
1413,3;2;5
1414,7;18;19
1415,5;11
1416,5;7;15
1417,1;6;18
1418,1;2;16
1419,1;14;16
1420,5;7
1421,1;2;14
1422,11;14;18
1423,5;7;15
1424,1;16
1425,5;7;15
1426,1;16;18
1427,7;11;18
1428,7;9;15
1429,11
1430,7;9;18
1431,11;14;18
1432,7;18
1433,3;2;5
1434,1;6;7
1435,11;16
1436,6;7;14
1437,1;2;16
1438,7;9
1439,1;2;16
1440,1;2;9
1441,4;7;8
1442,7;14;16
1443,1;16;18
1444,7;9
1445,7;14;15
1446,11;18
1447,7;8
1448,5;15
1449,1;2;16
1450,3;2;5
1451,5
1452,1;4;6
1453,11;14;18
1454,1;14;18
1455,5;7
1456,9;14;16
1457,11;18
1458,1;16;18
1459,18
1460,4;7;15
1461,2;7;9
1462,5;7;15
1463,7
1464,1;11;14
1465,5;7;8
1466,2;5;8
1467,6;11;14
1468,7;13;15
1469,3;1;2002
1470,5
1471,5;7;9
1472,5;9;15
1473,5
1474,3;1;2002
1475,2;5;9
1476,7;9;14
1477,1;2;4
1478,1;6;18
1479,1;2;5
1480,1;11;18
1481,5;15
1482,5;15
1483,1;16;18
1484,1;18
1485,14;18
1486,6;7;14
1487,5;15
1488,5;7;15
1489,11;14
1490,7;14;18
1491,5;7;9
1492,1;6;18
1493,6;7
1494,3;5;7
1495,7;15;18
1496,5;7;8
1497,7;9;11
1498,11;14;18
1499,2;4;7
1500,7
1501,3;2;5
1502,5;7
1503,6;7;15
1504,6;7;14
1505,7;17
1506,7;12;15
1507,5
1508,1;9;18
1509,1;5;6
1510,7;9;11
1511,5;7;12
1512,4;6;7
1513,11;14;18
1514,2;5;6
1515,11;14
1516,5;7
1517,4;7;12
1518,7;9;11
1519,3;2;5
1520,1;6;7
1521,5
1522,11;14;16
1523,6;11
1524,4;5;6
1525,4;7;10
1526,7;14;18
1527,5;15
1528,2;7;8
1529,1;2;8
1530,11;14;18
1531,1;18
1532,4;7;12
1533,6;7
1534,5;17
1535,5;7;15
1536,7
1537,1;6;9
1538,5;15
1539,1;11;16
1540,1;6;7
1541,3;1;16
1542,5;7;9
1543,3;1;2002
1544,1;2;9
1545,2;11;18
1546,5;15
1547,5;9;15
1548,5;19
1549,3;1;2002
1550,1;2;7
1551,7;14;18
1552,1;2;7
1553,5;7
1554,1;5
1555,5;6;15
1556,7;14;18
1557,11
1558,7;15
1559,1;6;7
1560,1;2;5
1561,5;15
1562,1;2;9
1563,5;7;15
1564,1;6;7
1565,3;2;5
1566,4;7;15
1567,1;6;7
1568,7;11;14
1569,1;5;9
1570,5;15
1571,5;15
1572,5;7
1573,5;9;11
1574,6;7;18
1575,5;6;7
1576,7;14;16
1577,5
1578,7;15
1579,5;6;15
1580,2;4;5
1581,4;5;6
1582,2;5;7
1583,6;7
1584,5;7
1585,5;9;11
1586,5;7;15
1587,6;7;14
1588,11;18
1589,5;7
1590,7;18
1591,1;6;18
1592,3;2;8
1593,5;7
1594,1;2;6
1595,7
1596,5;8
1597,7;15
1598,6;14;18
1599,5;7
1600,7
1601,1;2;16
1602,11;14;18
1603,1;5;9
1604,7;18
1605,14;18
1606,1;2;5
1607,6;7;18
1608,5;7;15
1609,2;8;9
1610,2;8;9
1611,3;1;2002
1612,1;2;18
1613,4;7
1614,2;8;9
1615,5
1616,1;5;6
1617,7;15
1618,3;2;5
1619,1;2;16
1620,1;2;7
1621,3;2;5
1622,7;15
1623,11;14;18
1624,1;5;6
1625,1;5;6
1626,11;18
1627,5;7;15
1628,7;14
1629,2;8;9
1630,1;2;9
1631,3;2;5
1632,1;7;10
1633,3;2;5
1634,7;12;13
1635,1;16
1636,1;6;7
1637,5;11
1638,7;20
1639,1;4;7
1640,5;7;8
1641,4;7;10
1642,2;7;14
1643,1;9;11
1644,1;2;18
1645,5;11
1646,1;2;8
1647,1;2;7
1648,5;7
1649,4;7;15
1650,1;7;8
1651,1;2;9
1652,5;16
1653,3;1;5
1654,7;18
1655,1;6;7
1656,7;15;16
1657,5;7;15
1658,4;7
1659,1;6;7
1660,1;2;7
1661,5;15
1662,7;15
1663,5;6;7
1664,5;7;15
1665,5;15
1666,7;9;11
1667,1;18
1668,1;2;8
1669,5;6;15
1670,1;6;18
1671,1;2;9
1672,1;18
1673,7;14
1674,6;11;14
1675,2;7;10
1676,1;6;7
1677,1;11;16
1678,7
1679,1;5;6
1680,11;14;18
1681,4;7;12
1682,11;18
1683,6;7;11
1684,1;18
1685,6;7;14
1686,6;11;14
1687,2;7;15
1688,2;5;7
1689,1;6;7
1690,5;12
1691,3;2;7
1692,7;14;15
1693,1;2;5
1694,5;7;15
1695,7;15;16
1696,5
1697,6;7;18
1698,5;7;15
1699,5;15
1700,7;14;18
1701,5;15
1702,5;7;15
1703,5;7
1704,6;11;18
1705,5;8;9
1706,1;6;7
1707,2;5;8
1708,1;5;15
1709,5;7;15
1710,5;8
1711,7;9;11
1712,9;11;14
1713,7;15
1714,1;7;15
1715,6;7;14
1716,7;12;15
1717,6;7;18
1718,6;7;18
1719,7;18
1720,1;5;15
1721,5;7
1722,7;15
1723,6;7
1724,5;9;11
1725,4;7;8
1726,2;7;18
1727,5;7
1728,1;4;7
1729,1;2;7
1730,7;15
1731,1;16;18
1732,5;7;15
1733,1;6;7
1734,5;15
1735,7;9;11
1736,1;6;18
1737,1;5;6
1738,1;5;8
1739,3;1;2002
1740,5;8;9
1741,5;7;15
1742,2;7;15
1743,7
1744,1;7;18
1745,5;7;15
1746,5;15
1747,11;14;16
1748,7;9;15
1749,1;7;11
1750,5;7
1751,11;14
1752,5;7;8
1753,5;7
1754,5;7;15
1755,5;7;12
1756,5;7;15
1757,2;7;11
1758,7;15
1759,5;15
1760,1;7;9
1761,5;7;15
1762,2;5;7
1763,11;14;18
1764,1;5;6
1765,1;7;18
1766,7;9;15
1767,6;7;18
1768,1;5
1769,6;7;18
1770,11;14;18
1771,7
1772,1;16;18
1773,5;7;15
1774,7
1775,1;5;6
1776,7;15
1777,7
1778,2;9;11
1779,5;15
1780,7
1781,7;18
1782,7;18
1783,7;12;15
1784,5;11
1785,1;2;7
1786,5;7;15
1787,11;14;18
1788,4;6;7
1789,4;7;18
1790,11
1791,5;8
1792,7;11;18
1793,15
1794,7;12
1795,3;2;5
1796,9;11;18
1797,7;18
1798,7;15
1799,5;6;18
1800,5;7;15
1801,1;14;16
1802,7
1803,11;14;16
1804,3;2;5
1805,1;7
1806,2;8;9
1807,4;7;17
1808,5;15
1809,5;11;14
1810,1;7;16
1811,5;7;15
1812,7;14;15
1813,3;2;5
1814,4;5;7
1815,7
1816,6;7;14
1817,5;15
1818,11;14;18
1819,1;2;16
1820,1;2;18
1821,1;2;5
1822,5;15
1823,7;11;18
1824,1;16
1825,1;16;18
1826,1;9
1827,3;2;5
1828,7;18
1829,1;2;9
1830,1;5;9
1831,1;7;17
1832,7;14;18
1833,5;6
1834,1;2;9
1835,5;9;15
1836,1;6;18
1837,7
1838,16;18
1839,1;7;9
1840,3;1;2002
1841,1;2;9
1842,7;15
1843,5;15
1844,5
1845,1;2;7
1846,5;9
1847,7;11;14
1848,2;5;16
1849,3;2;5
1850,1;6;18
1851,7;14;18
1852,1;7;16
1853,1;7;18
1854,7;15
1855,7;16
1856,1;2;14
1857,1;7;14
1858,1;9;18
1859,1;2;16
1860,5;7;8
1861,5;15
1862,11
1863,7;18
1864,1;2;9
1865,2;7;8
1866,7;18
1867,6;7;14
1868,1;2;16
1869,5;7;15
1870,3;1;2002
1871,1;2;5
1872,7;18
1873,7;9
1874,1;2;7
1875,5;7
1876,5;7;12
1877,5;6;18
1878,11;18
1879,11;18
1880,3;1;2002
1881,7
1882,1;5;6
1883,15;16;18
1884,2;7;9
1885,1;2;16
1886,1;7;18
1887,1;6;18
1888,7;15
1889,5
1890,5;15
1891,7;15;16
1892,7;15
1893,5;7;15
1894,5;7
1895,4;7;15
1896,1;16;18
1897,2;5;8
1898,5;7;17
1899,7;14;18
1900,5;7;15
1901,5;11
1902,3;2;5
1903,7;11;14
1904,1;2;16
1905,7;11;16
1906,2;5;8
1907,5;7
1908,1;7;18
1909,1;2;9
1910,7;15
1911,7;11;18
1912,4;5;6
1913,1;6;11
1914,7
1915,6;7;11
1916,3;2;5
1917,1;2;7
1918,1;2;11
1919,1;2;5
1920,5;8;9
1921,5
1922,5;7;15
1923,1;6;18
1924,4;7;8
1925,7;15;16
1926,7;11;14
1927,4;6;7
1928,1;9;11
1929,5;7;15
1930,5;8
1931,1;6;18
1932,4;7;15
1933,7
1934,1;14;18
1935,7
1936,1;6;18
1937,1;2;5
1938,7;15
1939,5;7
1940,7;18;19
1941,5;7
1942,11;14
1943,4;6;7
1944,3;2;5
1945,7;15
1946,7
1947,1;5;6
1948,1;5;11
1949,6;7;18
1950,7;15
1951,5;7
1952,1;5;6
1953,7
1954,5;7;15
1955,1;2;7
1956,4;7
1957,11;18
1958,7;11;14
1959,1;6;11
1960,5;7;17
1961,5;7;13
1962,5;8;9
1963,5;15
1964,5;7;15
1965,9;11;14
1966,2;7;14
1967,7;11;16
1968,7;9;15
1969,3;2;5
1970,7;11;18
1971,1;4;6
1972,5
1973,3;5;7
1974,11
1975,7
1976,5;7;8
1977,4;7;18
1978,7;18
1979,11;14;16
1980,7;10;15
1981,7
1982,1;7;10
1983,5
1984,4;7
1985,1;14;18
1986,5;15
1987,5;7
1988,7;10;15
1989,7;15
1990,3;2;5
1991,7
1992,7
1993,6;7;11
1994,3;7;9
1995,7
1996,2;7;18
1997,7;14;18
1998,4;5;7
1999,5;15
2000,3;2;7
2001,1;2;16
2002,1;2;18
2003,7;20
2004,6;7;18
2005,1;7;18
2006,7
2007,2;9
2008,5;7;15
2009,1;5;6
2010,1;16
2011,2;14;16
2012,6;7;18
2013,7;13;15
2014,5;12;15
2015,4;7;18
2016,7
2017,1;2;16
2018,3;2;5
2019,3;2;5
2020,7;10;18
2021,5;7;15
2022,1;14;18
2023,1;6;16
2024,11;14;18
2025,5;7
2026,7
2027,5
2028,2;7;10
2029,7;14;16
2030,4;7;10
2031,1;2;18
2032,6;7;18
2033,3;2;5
2034,7;18
2035,1;2;18
2036,5;7;8
2037,3;2;5
2038,2;7;9
2039,1;2;16
2040,1;2;5
2041,1;7;16
2042,2;7;9
2043,1;2;16
2044,1;2;16
2045,7;11;18
2046,5
2047,5
2048,5;6
2049,1;6;7
2050,5
2051,7
2052,7;15
2053,1;2;5
2054,3;1;2002
2055,1;2;6
2056,1;2;7
2057,5
2058,1;2;5
2059,4;6;7
2060,1;11;16
2061,1;7;16
2062,1;18
2063,5;7;15
2064,5;11;16
2065,7;15
2066,5;7;13
2067,6;7;18
2068,3;2;5
2069,11;14;18
2070,5;7;15
2071,5;15
2072,5;8
2073,5;9;11
2074,1;7
2075,6;7;10
2076,1;5;15
2077,5;8
2078,11;18
2079,5;15
2080,7
2081,3;2;5
2082,11
2083,5;7;11
2084,1;9;11
2085,6;7;14
2086,1;2;9
2087,5;16
2088,7;9;11
2089,3;5;7
2090,1;2;4
2091,1;6;18
2092,2;5;7
2093,1;2;5
2094,7;11;18
2095,7;18
2096,6;7;11
2097,2;5;7
2098,2;7;15
2099,11
2100,7;11
2101,7;15
2102,2;5;7
2103,1;18
2104,5;15
2105,7;17
2106,1;5;17
2107,7;15
2108,11;18
2109,1;9;11
2110,1;6;18
2111,4;6;7
2112,7;9;14
2113,1;2;11
2114,1;9;11
2115,5;7;9
2116,11;14;16
2117,7;14;15
2118,11;14;18
2119,7;10;15
2120,7;15
2121,5;7;15
2122,5
2123,1;6;18
2124,6;14;18
2125,5;7;15
2126,3;1;11
2127,7
2128,7
2129,7;14;15
2130,1;5;6
2131,1;2;7
2132,1;2;18
2133,7;18
2134,7;9;11
2135,11;18
2136,5;7;15
2137,1;6;18
2138,6;7;11
2139,7;9
2140,4;5;7
2141,7;11;15
2142,11;14
2143,4;7;15
2144,5;7;15
2145,3;2;5
2146,4;7;10
2147,5;15
2148,2;7;14
2149,6;7;9
2150,7
2151,6;7;14
2152,5;8
2153,3;2;5
2154,7;15
2155,1;6;7
2156,7
2157,11;18
2158,7;15
2159,11;18
2160,7;18
2161,5;7;15
2162,3;5;7
2163,1
2164,1;7;18
2165,3;7;8
2166,7;12;15
2167,7;12;15
2168,5;7
2169,1;7;10
2170,11;14;18
2171,1;16;18
2172,2;7;9
2173,11;18
2174,1;2;14
2175,11;14;18
2176,7;11;14
2177,11;18
2178,1;6;18
2179,7;11;14
2180,1;5;6
2181,5;7;15
2182,6;18
2183,5;12;15
2184,5;9;18
2185,4;7;17
2186,5;6;18
2187,7;11;18
2188,1;18
2189,7
2190,5;16
2191,1;6;18
2192,1;6;18
2193,1;5;6
2194,7;15
2195,3;1;2002
2196,7
2197,5;6;7
2198,1;6;14
2199,2;5;8
2200,5;7;15
2201,1;18;20
2202,4;5;6
2203,11
2204,5;15
2205,6;7
2206,6;7;14
2207,1;2;16
2208,7;15;16
2209,7;15
2210,5;6
2211,11;14;18
2212,7
2213,1;2;16
2214,7;15
2215,7;14;16
2216,5;7;9
2217,5;15
2218,3;2;5
2219,9
2220,1;2;16
2221,1;2;11
2222,5
2223,7;11;14
2224,5
2225,5;9
2226,1;7;16
2227,6;14;18
2228,4;7;10
2229,1;2;16
2230,7;15
2231,1;7;16
2232,7;16;18
2233,11;16;18
2234,1;4;7
2235,1;7;9
2236,7;14;18
2237,2;11
2238,1;2;16
2239,1;16
2240,1;2;16
2241,7
2242,7;15;18
2243,4;7
2244,2;5;7
2245,1;7;18
2246,1;7;14
2247,1;4;7
2248,1;2;9
2249,1;2;5
2250,6;7;14
2251,2;5;7
2252,5;7;15
2253,1;5;6
2254,1;2;6
2255,7;11
2256,1;4;6
2257,5;6
2258,5;6;18
2259,6;7;18
2260,1;5;16
2261,1;9;11
2262,11;14;18
2263,9;11;18
2264,1;2;16
2265,3;1;2002
2266,1;18
2267,5;11;15
2268,5;7
2269,1;2;16
2270,1;18
2271,1;5;6
2272,7;15
2273,3;2;5
2274,2;8;9
2275,5
2276,11;18
2277,1;18
2278,3;2;5
2279,7;18
2280,6;7;14
2281,1;6;18
2282,1;2;16
2283,7;19
2284,5;7;12
2285,3;7;15
2286,2;8;9
2287,7;12
2288,11;16;18
2289,1;18
2290,1;5;6
2291,3;2;5
2292,7;15
2293,1
2294,4;7;17
2295,7;15
2296,1;6;18
2297,7
2298,1;6;7
2299,7
2300,1;2;9
2301,5;7
2302,7
2303,5;7
2304,6;7;14
2305,1;5;6
2306,1;2;7
2307,1;2;20
2308,1;6;7
2309,6;7;18
2310,5;7
2311,5;7;9
2312,4;6;7
2313,7;18
2314,11;14;18
2315,7;9;15
2316,4;7
2317,5;9;11
2318,1;5;6
2319,7;15
2320,1;2;9
2321,1;6;7
2322,4;5;7
2323,3;2;5
2324,1;2;16
2325,3;4;7
2326,5;7
2327,5;11
2328,3;1;2002
2329,5
2330,7;18
2331,6;7;18
2332,4;7
2333,11;18
2334,5;6;7
2335,5;7
2336,5;15
2337,4;7;15
2338,5;6;7
2339,7;15
2340,1;6;18
2341,5;9;11
2342,11;18
2343,4;6;7
2344,7
2345,4;7;15
2346,7;15
2347,1;2;13
2348,5;15
2349,2;11;16
2350,3;2;5
2351,1;6;7
2352,7;15;18
2353,6;7;18
2354,5;16
2355,5;15
2356,2;5;7
2357,4;7;15
2358,4;6;7
2359,7
2360,2;7;14
2361,6;7;18
2362,1;18
2363,7
2364,7
2365,4;5;7
2366,4;7;12
2367,5;7;17
2368,4;7
2369,3;7;8
2370,1;6;7
2371,1;7
2372,5;7;15
2373,5;7
2374,5;7;15
2375,7;18
2376,1;2;5
2377,7;16
2378,5
2379,5;7;15
2380,7;15
2381,11;18
2382,7;18
2383,5;7;9
2384,3;2;5
2385,5;7;15
2386,5;9;11
2387,7;18
2388,11;18
2389,1;2;7
2390,7
2391,1;4;7
2392,11;16
2393,7;11;14
2394,5;7
2395,7;15;18
2396,11;14;18
2397,7;15
2398,7;15
2399,5;15
2400,7;10;14
2401,1;6;18
2402,2;7;16
2403,1;2;7
2404,7;12
2405,1;2;5
2406,1;2;7
2407,2;5;6
2408,7;14;18
2409,1;16;18
2410,7;16;18
2411,1;2;5
2412,5;11
2413,1;2;16
2414,6;7;18
2415,1;2;14
2416,1;7;19
2417,1;6;18
2418,1;14;16
2419,1;2;7
2420,3;1;2002
2421,2;4;7
2422,5;7
2423,4;7;18
2424,1;2;18
2425,1;2;16
2426,1;2;16
2427,11;14;18
2428,5;7
2429,1;7;16
2430,5;15
2431,7
2432,1;2;16
2433,1;4;7
2434,18
2435,1;2;16
2436,1;2;16
2437,2;9
2438,7;15;16
2439,1;5;6
2440,2;5;7
2441,6;7
2442,3;1;2002
2443,11;14
2444,5;15
2445,5;11
2446,2;8;9
2447,1;2;16
2448,1;4;7
2449,1;6;18
2450,2;5;8
2451,4;7;15
2452,1;2;9
2453,3;1;2002
2454,5;7
2455,7;15
2456,7;15
2457,1;7
2458,4;7;10
2459,5;7;18
2460,11;18
2461,5;15
2462,1;2;5
2463,1;6;16
2464,2;5;7
2465,2;5;8
2466,11;14;18
2467,5;11;16
2468,5;15
2469,5;7
2470,1;2;5
2471,11;14
2472,1;7;9
2473,11;14;18
2474,5;6;7
2475,1;6;18
2476,5
2477,1;2;6
2478,5
2479,11;14;18
2480,5;7
2481,5;7;15
2482,7;14;15
2483,1;6;18
2484,5;6
2485,7;15
2486,1;9;16
2487,1;7;18
2488,5;20
2489,1;18
2490,5;7;8
2491,1;2;7
2492,6;7;18
2493,1;7;18
2494,4;7;10
2495,5;7;15
2496,1;14;18
2497,1;9;16
2498,1;2;9
2499,3;2;5
2500,7;17
2501,7;9;12
2502,1;5;6
2503,1;7;16
2504,1;2;7
2505,7;18
2506,3;2;5
2507,1;6;7
2508,5;15
2509,3;2;5
2510,4;5;7
2511,7;14;18
2512,7
2513,1;6;7
2514,7
2515,2;5;7
2516,5;7
2517,6;7;11
2518,4;7;12
2519,1;11;16
2520,11;15;16
2521,11;14;18
2522,6;7;18
2523,11;14;18
2524,1;5;7
2525,7
2526,1;5;11
2527,5;7;10
2528,7
2529,11;14;18
2530,4;6;7
2531,7;15;18
2532,3;1;2002
2533,1;18
2534,7;14;16
2535,1;6;7
2536,6;7;18
2537,5;11
2538,7;18
2539,5;15
2540,5;15
2541,4;7;8
2542,7
2543,5
2544,5;7;16
2545,6;7;14
2546,5
2547,14;15;18
2548,5;7
2549,5;7;15
2550,6;7;18
2551,6;7;14
2552,4;7;10
2553,7;20
2554,5;7;13
2555,6;7;14
2556,7;15
2557,6;7;14
2558,5;6
2559,5;15
2560,7;14;18
2561,5;7;9
2562,1;5;6
2563,7;10;15
2564,7;15
2565,7;18
2566,7;15
2567,2;7;18
2568,5;7;12
2569,5;7;8
2570,7;15;18
2571,4;7;10
2572,1;7;18
2573,6;7;14
2574,7;11;15
2575,7;14;18
2576,1;9;11
2577,2;5;9
2578,5;15
2579,5;6;11
2580,7;9
2581,3;2;7
2582,3;7;8
2583,11;14;18
2584,5;9;11
2585,4;6;7
2586,1;7
2587,2;5;6
2588,1;6;7
2589,7;12;15
2590,7;9;11
2591,2;7;11
2592,6;7
2593,11;14
2594,7;9;14
2595,7;11;14
2596,1;7;16
2597,3;2;5
2598,5;9;11
2599,7;9;14
2600,5;15
2601,7;15
2602,1;7;17
2603,7;15;18
2604,1;2;16
2605,1;2;16
2606,5;7
2607,7;9;15
2608,4;5;7
2609,7;9;11
2610,1;2;16
2611,1;6;7
2612,6;7;14
2613,1;2;5
2614,2;7;16
2615,6;7;11
2616,7;15;16
2617,3;2;5
2618,3;2;5
2619,1;2;16
2620,1;5;16
2621,1;2;7
2622,1;2;8
2623,1;2;16
2624,7;18
2625,4;6;7
2626,4;6;7
2627,1;2;18
2628,1;2;16
2629,1;5;9
2630,4;7
2631,2;7;8
2632,5;7;15
2633,1;2;18
2634,5;7
2635,1;6;18
2636,7;10;18
2637,2;5
2638,11;14;18
2639,7;11;20
2640,1;2;16
2641,3;2;5
2642,1;6;7
2643,7;14;18
2644,3;2;5
2645,7;15
2646,18
2647,5;7;12
2648,5;6;7
2649,6;7;11
2650,1;2;4
2651,1;5
2652,5;7;15
2653,1;2;18
2654,4;6;7
2655,5;12
2656,1;2;16
2657,1;5;11
2658,1;2;5
2659,1;2;6
2660,4;7;10
2661,7;9;11
2662,5;7
2663,6;7;14
2664,7;15
2665,5;11
2666,1;2;5
2667,1;2;16
2668,1;18
2669,4;7
2670,5;7;15
2671,6;7;18
2672,7;11;14
2673,7;11;14
2674,1;7
2675,1;6;7
2676,5;8
2677,3;2;5
2678,7;18
2679,1;6;7
2680,2;5;9
2681,1;2;16
2682,5
2683,5;15
2684,5;7
2685,5;7
2686,4;7;10
2687,4;6;7
2688,2;4;5
2689,1;6;18
2690,7;9;15
2691,11;14
2692,5;7;15
2693,5;7;20
2694,7;10;19
2695,1;2;9
2696,1;6;7
2697,1;2;4
2698,2;5;6
2699,5;7;12
2700,1;7;18
2701,1;2;7
2702,5;9;11
2703,1;2;16
2704,5
2705,4;5;6
2706,11;18
2707,6;7;14
2708,7;11;14
2709,4;7;10
2710,7;15
2711,11;14;18
2712,2;4;7
2713,11;18
2714,5;7;15
2715,5;7;15
2716,1;5
2717,7;9;11
2718,5;6
2719,1;6;18
2720,7;19
2721,2;5;7
2722,11;16;18
2723,7
2724,6;7;14
2725,6;7;10
2726,1;14;16
2727,1;7;18
2728,7;16;18
2729,5;7;15
2730,7;15
2731,4;7;10
2732,5;7;9
2733,7
2734,7;16
2735,4;7;17
2736,3;2;5
2737,5;7;15
2738,4;7
2739,7;18
2740,6;7;9
2741,3;2;5
2742,7;11;18
2743,4;5;7
2744,5;11;16
2745,2;4;5
2746,3;2;7
2747,7;16;18
2748,11;14;18
2749,7;14;16
2750,11;14;18
2751,5;6;7
2752,5;16
2753,1;2;5
2754,4;7
2755,5;7;15
2756,5
2757,11;18
2758,2;6;7
2759,5;7;15
2760,7;10;19
2761,5;6;7
2762,7;14
2763,6;7;14
2764,1;5
2765,7
2766,4;7;17
2767,1;7;10
2768,4;6;7
2769,6;7;15
2770,1;9;11
2771,5;7;15
2772,11;18
2773,1;2;6
2774,1;6;7
2775,1;7;20
2776,5;7;15
2777,7
2778,7;18
2779,7;12;18
2780,7;11;18
2781,1;2;5
2782,1;5;15
2783,5;6;18
2784,4;7;10
2785,7;15;16
2786,1;5;11
2787,1;4;7
2788,3;5;7
2789,3;2;5
2790,7;11;16
2791,5;7;9
2792,7;10;19
2793,7;12;15
2794,7;15
2795,1;5;15
2796,2;9;15
2797,7;9;14
2798,5;14;16
2799,1;6;18
2800,7;11;16
2801,1;2;20
2802,1;2;16
2803,3;7;9
2804,6;7;14
2805,3;2;5
2806,5;7;12
2807,7;14;16
2808,4;7;10
2809,1;5
2810,1;18
2811,3;2;5
2812,11;14
2813,7;15;18
2814,1;6;7
2815,1;7;10
2816,11;18
2817,1;2;9
2818,1;5;6
2819,11;18
2820,7;15
2821,4;7;10
2822,11;18
2823,3;5;8
2824,1;11;18
2825,1;2;9
2826,7;18
2827,7
2828,1;2;9
2829,7;15;16
2830,2;8;9
2831,1;7;15
2832,1;2;16
2833,4;7
2834,7
2835,1;2;16
2836,1;16
2837,3;2;5
2838,1;7;10
2839,6;7;18
2840,11;14;18
2841,7;14;18
2842,7;11;14
2843,1;7;15
2844,5;7
2845,1;2;9
2846,6;11;18
2847,1;2;16
2848,1;2;16
2849,11;18
2850,2;7;8
2851,1;2;9
2852,1;18
2853,4;5;6
2854,7;15
2855,7;10
2856,1;11;14
2857,11;14;18
2858,1;2;7
2859,1;2;6
2860,6;7;14
2861,2;7;8
2862,5;7;9
2863,3;2;5
2864,5;7
2865,3;2;5
2866,1;2;16
2867,4;7
2868,6;7;14
2869,7;9;11
2870,1;7;10
2871,3;2;5
2872,1;5;6
2873,7;15
2874,7;11;14
2875,1;2;16
2876,3;7
2877,7;11
2878,1;5;9
2879,1;2;9
2880,5
2881,4;7
2882,1;6;7
2883,2;5;7
2884,1;2;14
2885,2;8;9
2886,1;7;17
2887,1;2;6
2888,5
2889,3;1;2002
2890,7
2891,1;5;9
2892,1;18
2893,2;4;7
2894,1;2;5
2895,1;2;5
2896,1;6;7
2897,1;7;11
2898,5;7;14
2899,5;11;18
2900,1;2;5
2901,7;15
2902,1;2;7
2903,11;18
2904,11;14;18
2905,1;2;5
2906,5
2907,5
2908,1;11;16
2909,7;15
2910,2;7;15
2911,5;11;15
2912,5;15
2913,2;8;9
2914,7;9;15
2915,11;14;18
2916,3;1;2002
2917,4;7;17
2918,5;7;12
2919,4;6;7
2920,5;7;12
2921,1;7;11
2922,1;11;16
2923,1;11;16
2924,4;7;17
2925,5;7;15
2926,1;2;5
2927,4;7;8
2928,1;6;7
2929,1;5
2930,1;2;16
2931,7;15
2932,1;2;11
2933,1;2;6
2934,7;11;18
2935,1;2;16
2936,3;2;5
2937,3;2;5
2938,7
2939,6;7
2940,6;7
2941,3;1;2002
2942,5;7;15
2943,7;11;14
2944,5;7;15
2945,7;17
2946,1;4;7
2947,5
2948,5;7
2949,1;2;7
2950,6;7;18
2951,1;2;5
2952,6;7;14
2953,1;16;18
2954,4;6;7
2955,11;14;16
2956,7;15
2957,5
2958,5;7;15
2959,1;5;6
2960,7;9;11
2961,4;7
2962,1;7;10
2963,1;2;5
2964,5;7
2965,1;6;18
2966,1;2;7
2967,1;2;7
2968,7
2969,5;7;9
2970,2;7;8
2971,1;7;11
2972,7
2973,11;18
2974,3;2;5
2975,5
2976,4;7
2977,7;15
2978,6;7;14
2979,4;8;17
2980,7;9;11
2981,5;15
2982,4;7;8
2983,5;7
2984,5;7;15
2985,1;4;7
2986,7;14;16
2987,7;9;18
2988,5;7
2989,7;9;11
2990,4;7;15
2991,4;7
2992,11;14;18
2993,4;7
2994,11;16;18
2995,7;15;19
2996,1;5;6
2997,7;11;14
2998,3;1;6
2999,6;7;14
3000,4;7
3001,1;6;18
3002,1;7;14
3003,1;2;5
3004,11
3005,11;14;18
3006,4;7;13
3007,7;15
3008,6;7;14
3009,1;5;6
3010,1;2;9
3011,1;2;5
3012,7
3013,1;7;16
3014,6;7;14
3015,1;2;9
3016,1;2;5
3017,2;8;9
3018,1;6;7
3019,5;6;7
3020,1;7;10
3021,5;7
3022,1;2;7
3023,7;11;18
3024,11;16;18
3025,7;11;14
3026,1;2;16
3027,7;16;18
3028,3;2;5
3029,1;2;9
3030,1;2;9
3031,7;11;14
3032,1;2;5
3033,11;16;18
3034,7;8
3035,1;2;9
3036,7;9;15
3037,1;2;9
3038,4;7
3039,1;2;7
3040,1;2;16
3041,1;2;9
3042,1;2;9
3043,5;11
3044,2;5;8
3045,1;2;7
3046,5;7
3047,7
3048,4;5;7
3049,1;18
3050,7;15;18
3051,4;7;19
3052,1;5;6
3053,7;9;16
3054,4;6;7
3055,1;6;18
3056,11;14;18
3057,7;15
3058,1;18
3059,7
3060,1;5;6
3061,1;5;6
3062,1;16;18
3063,5;12
3064,14;18
3065,1;6;9
3066,6;7;18
3067,3;1;2002
3068,11;14;18
3069,1;6;7
3070,3;2;5
3071,3;2;5
3072,4;7;10
3073,2;7;11
3074,2;4;6
3075,4;5;7
3076,4;7
3077,6;11;14
3078,6;7;11
3079,7;15;16
3080,7;9
3081,7;20
3082,1;5;11
3083,1;2;9
3084,3;2;5
3085,6;7
3086,1;4;7
3087,5;7
3088,5;7
3089,7;11;14
3090,1;7;11
3091,7;15
3092,7;9;15
3093,6;7;9
3094,5;7
3095,5;6;7
3096,1;9;18
3097,2;7;11
3098,5;7
3099,1;18
3100,5;7;10
3101,3;2;5
3102,5;15
3103,6;7;18
3104,1;2;4
3105,7;15
3106,6;7;14
3107,7;9;11
3108,1;18
3109,6;7;18
3110,4;6;7
3111,6;7;15
3112,1;2;18
3113,5;7;15
3114,5;15
3115,1;6;7
3116,5;6;7
3117,3;2;5
3118,1;7;11
3119,5;11;14
3120,1;7;19
3121,3;1;2002
3122,5;11;18
3123,5
3124,2;5;7
3125,11
3126,7;19
3127,5;6
3128,5;7;15
3129,7;18;19
3130,5
3131,7;11;16
3132,1;5;6
3133,7
3134,2;5;7
3135,7;9;16
3136,7;14;18
3137,5;16
3138,7;9;14
3139,6;11;18
3140,1;9;11
3141,1;7
3142,7;18
3143,5;7;19
3144,4;7;15
3145,5
3146,7;11;14
3147,4;7
3148,3;1;2002
3149,7;15;16
3150,7;10;15
3151,1;2;14
3152,3;2;5
3153,3;1;2002
3154,3;7;14
3155,1;2;5
3156,6;7;18
3157,7;15
3158,4;7;12
3159,7;15
3160,1;7;18
3161,7
3162,7
3163,6;7;18
3164,7
3165,7;15;18
3166,5
3167,5;7
3168,7;11
3169,1;6;18
3170,7;12;15
3171,1;6;7
3172,7
3173,7;11;14
3174,6;7;10
3175,7;15
3176,5;6;7
3177,7;10;18
3178,1;5;18
3179,5;9;15
3180,7;9;11
3181,11
3182,4;5;7
3183,5
3184,7;14;15
3185,5;6;7
3186,11
3187,6;7;15
3188,11;18
3189,6;14;18
3190,7;10;18
3191,4;7;10
3192,4;7;10
3193,1;7;10
3194,3;2;5
3195,7;11;14
3196,7;15
3197,11
3198,7
3199,11;18
3200,11;18
3201,7;11;14
3202,3;1;2002
3203,1;2;16
3204,4;5;7
3205,1;11;16
3206,1;7;17
3207,1;2;18
3208,1;2;5
3209,1;2;16
3210,1;2;16
3211,2;7;11
3212,2;5;6
3213,4;7;12
3214,7;11;16
3215,1;2;5
3216,1;7;18
3217,1;2;16
3218,1;2;16
3219,5;7;15
3220,1;5;6
3221,5;13;15
3222,7;12;15
3223,1;5
3224,1;6;7
3225,5;6;14
3226,5;7;13
3227,4;5;7
3228,7;14;18
3229,1;9;11
3230,7;9;11
3231,1;2;9
3232,2;8;9
3233,1;2;16
3234,7;15;19
3235,11;14;16
3236,7;15;18
3237,5;7
3238,1;2;11
3239,3;1;2002
3240,4;7
3241,1;2;5
3242,7;14;18
3243,6;7;11
3244,5;7;15
3245,2;7;16
3246,1;6;7
3247,1;2;16
3248,1;16;18
3249,1;6;18
3250,1;6;7
3251,7
3252,1;18
3253,11;14;18
3254,4;7;10
3255,6;7
3256,3;2;5
3257,5;7
3258,1;18
3259,6;7;14
3260,7;11;12
3261,1;2;9
3262,1;2;16
3263,1;4;7
3264,1;2;7
3265,6;7;14
3266,4;5;6
3267,3;2;5
3268,1;6;7
3269,5;15
3270,4;5;7
3271,4;7;10
3272,7;14;16
3273,1;11;16
3274,5
3275,1;2;7
3276,5;7;9
3277,7;18
3278,1;2;9
3279,7;11;14
3280,7
3281,4;7;11
3282,4;7;10
3283,4;7;10
3284,4;7;15
3285,1;2;16
3286,1;6;7
3287,2;5;8
3288,3;2;5
3289,1;7;10
3290,1;18
3291,1;14;16
3292,5
3293,1;2;11
3294,6;7;18
3295,2;7;18
3296,1;2;9
3297,7
3298,2;7;11
3299,5;7;15
3300,6;15;18
3301,6;7;18
3302,7;9;14
3303,6;7
3304,7;9;11
3305,7;11;12
3306,1;2;5
3307,11
3308,5;15
3309,7;15;19
3310,7;14;18
3311,7;9;11
3312,7;15
3313,2;7;9
3314,1;2;4
3315,1;7;16
3316,5;7
3317,6;11;18
3318,5;18
3319,4;5;6
3320,5;7
3321,5;7;12
3322,1;18
3323,2;7
3324,5;7;15
3325,11;18
3326,1;6;7
3327,2;4;7
3328,14;16;18
3329,5;7
3330,3;7;8
3331,1;7;10
3332,4;7
3333,6;7;18
3334,1;18
3335,6;7;9
3336,1;7;11
3337,5;8;9
3338,7;16;18
3339,7;14;18
3340,2;7
3341,2;5;7
3342,6;7;14
3343,7;14;16
3344,7;20
3345,4;7
3346,1;2;5
3347,1;14;18
3348,11;14;18
3349,4;7;8
3350,4;7;10
3351,2;8;9
3352,11
3353,1;2;5
3354,11;14;18
3355,4;6;7
3356,7
3357,11;14;18
3358,7;16;18
3359,7;15
3360,7;15
3361,1;6;7
3362,4;6;7
3363,5;15
3364,6;7;18
3365,1;7;16
3366,7;9;11
3367,1;2;18
3368,7;11;14
3369,1;6;7
3370,5
3371,6;7;10
3372,6;14;16
3373,5;15
3374,4;5
3375,4;7;18
3376,5;7;14
3377,5;7;15
3378,5;6;7
3379,7;12;15
3380,1;5
3381,3;5;8
3382,4;7;10
3383,1;6;18
3384,7
3385,5;7
3386,1;6;7
3387,5;7;15
3388,7;15
3389,5;7
3390,5;6;14
3391,5;6;7
3392,1;5;6
3393,2;8;9
3394,11;18
3395,11;14;18
3396,6;14;18
3397,1;11;16
3398,1;2;7
3399,5;6;14
3400,2;5;7
3401,1;5;6
3402,1;6;18
3403,6;7;14
3404,1;2;5
3405,7;11;14
3406,5;7
3407,1;5;6
3408,5;6;7
3409,1;2;9
3410,7;18
3411,1;2;7
3412,6;7;18
3413,1;2;5
3414,7;15
3415,1;2;16
3416,3;2;7
3417,7;15
3418,7;18
3419,4;6;7
3420,1;4;7
3421,1;7;19
3422,2;5;8
3423,6;7;18
3424,5;7;19
3425,7;9;14
3426,4;5;7
3427,11;16;18
3428,7;9;11
3429,5;15
3430,1;5;11
3431,1;2;16
3432,11;14;18
3433,4;7;10
3434,11;14;16
3435,1;18
3436,1;18
3437,1;6;7
3438,1;5;11
3439,1;2;11
3440,5;7;15
3441,5;9;12
3442,4;7
3443,4;7
3444,1;2;5
3445,1;2;16
3446,18
3447,7;9;11
3448,1;2;5
3449,11;18
3450,7;15
3451,7
3452,3;2;5
3453,3;7;9
3454,1;2;18
3455,1;18
3456,7;12
3457,1;7;10
3458,4;7;13
3459,7;15
3460,2;7;14
3461,1;2;9
3462,1;2;5
3463,1;18
3464,3;2;5
3465,1;2;16
3466,7;11;16
3467,1;2;9
3468,3;1;2002
3469,5;7;8
3470,7;15
3471,2;5;7
3472,4;7;15
3473,4;7;10
3474,5;9;11
3475,4;6;7
3476,5;15
3477,1;6;18
3478,7;15;19
3479,5
3480,7;15
3481,5;6;7
3482,5;15
3483,1;6;14
3484,4;6;7
3485,4;5;7
3486,4;7;10
3487,2;5
3488,1;6;7
3489,1;16;18
3490,4;7;10
3491,4;7;18
3492,1;2;8
3493,5;9;15
3494,1;5;6
3495,4;6;7
3496,2;8;9
3497,6;7;9
3498,1;18
3499,1;6;18
3500,7;9;15
3501,4;6;7
3502,1;2;5
3503,7
3504,7
3505,7;11;14
3506,5;7;15
3507,5;15
3508,11;14;16
3509,1;2;11
3510,18
3511,7;11;14
3512,1;2;16
3513,3;1;2002
3514,5;7;12
3515,7;11;16
3516,1;6;7
3517,11;14;16
3518,2;7;11
3519,4;5;7
3520,11;18
3521,7;11;14
3522,4;6;7
3523,3;2;5
3524,4;6;7
3525,6;7;14
3526,1;11
3527,1;2;18
3528,7;15;17
3529,11;14;18
3530,7;14;16
3531,4;7;12
3532,11;14;18
3533,1;5;6
3534,7;11;14
3535,7;14;18
3536,3;1;2002
3537,3;5;8
3538,2;4;7
3539,2;11;14
3540,1;4;7
3541,1;7;10
3542,5
3543,11;14;18
3544,7;18;20
3545,7;20
3546,5;11;16
3547,1;4;7
3548,5;6
3549,7;11;14
3550,2;5;7
3551,7;11;14
3552,3;1;2002
3553,4;7;15
3554,7;18
3555,11;14;18
3556,7;15
3557,5;15
3558,1;6;7
3559,5;6;7
3560,2;5;7
3561,1;2;6
3562,7;9;11
3563,1;5;6
3564,3;2;5
3565,1;2;5
3566,5
3567,11;14;18
3568,5;7;12
3569,2;8;9
3570,7;19
3571,5;7;8
3572,5;7;9
3573,1;6;7
3574,5;7
3575,11;14
3576,1;2;9
3577,1;2;5
3578,6;7;15
3579,7
3580,1;16;18
3581,1;11;16
3582,4;7;10
3583,7
3584,7;11;14
3585,1;6
3586,7;15
3587,7;10;18
3588,6;16;18
3589,6;7
3590,5;7
3591,1;5;6
3592,7
3593,7
3594,5;7
3595,4;7;15
3596,7;14;16
3597,6;14;18
3598,4;7
3599,1;6;18
3600,7
3601,1;2;9
3602,1;16;18
3603,6;7;14
3604,7;15
3605,7;11;16
3606,1;18
3607,1;5;6
3608,7;11;14
3609,1;2;5
3610,7
3611,4;7;10
3612,7;15
3613,7
3614,7;14
3615,1;2;9
3616,1;2;6
3617,5;7
3618,1;11;18
3619,6;7;18
3620,5;9;14
3621,7;17
3622,1;2;7
3623,7;11;18
3624,1;7;18
3625,1;18
3626,14;18
3627,2;7;8
3628,3;2;5
3629,7;18
3630,5;7;15
3631,1;18
3632,5;6;7
3633,1;5;7
3634,3;1;2002
3635,5;15
3636,11
3637,6;11;14
3638,1;7;10
3639,1;11;14
3640,1;18
3641,7
3642,1;2;5
3643,7;15
3644,7;10;18
3645,5;7
3646,7
3647,7;19
3648,3;2;5
3649,5;12
3650,1;11;16
3651,1;5;6
3652,2;5;8
3653,11;14;16
3654,5;11
3655,3;2;5
3656,1;2;7
3657,11;14;18
3658,7;8
3659,5;7;8
3660,2;5;8
3661,6;7;18
3662,11;18
3663,5;11;18
3664,7;15
3665,7;11;14
3666,7;10;18
3667,5;14
3668,2;7;16
3669,3;2;5
3670,4;7
3671,7;14;18
3672,6;7;14
3673,1;5;6
3674,7;11;14
3675,7;11;14
3676,2;5;12
3677,1;2;16
3678,7;14;15
3679,4;5;7
3680,7;11;14
3681,7
3682,5
3683,9;11;14
3684,7
3685,4;7;10
3686,1;2;5
3687,1;18
3688,1;5;7
3689,5;7
3690,1;6;16
3691,9;11;14
3692,5;7
3693,7;15
3694,7;15
3695,6;7;14
3696,11
3697,6;7;14
3698,1;2;7
3699,6;7;14
3700,5;6;7
3701,1;11;18
3702,11;14
3703,4;7;10
3704,7;15
3705,5;7
3706,7;10;15
3707,11;18
3708,5;15
3709,1;2;5
3710,1;7;11
3711,1;5
3712,5;9
3713,1;6;7
3714,1;2;6
3715,7
3716,3;2;5
3717,5;7;15
3718,5;7;15
3719,2;7;19
3720,1;6;14
3721,5;7;13
3722,1;2;7
3723,4;6;14
3724,4;7;12
3725,2;7;11
3726,1;2;5
3727,4;5;6
3728,4;6;7
3729,11;18
3730,3;1;2002
3731,14;16
3732,1;6;7
3733,7;9;11
3734,3
3735,7;11;14
3736,5;13;15
3737,4;7;12
3738,2;8;9
3739,5;6;7
3740,7;15;19
3741,7;11
3742,7
3743,9;11
3744,3;2;5
3745,5;6;11
3746,1;2;5
3747,3;2;5
3748,1;11;19
3749,7;14;18
3750,1;6;7
3751,5;7;15
3752,5;7;15
3753,5;7
3754,5;7;8
3755,4;7;10
3756,11;14;18
3757,7;15
3758,7;11;14
3759,5;15
3760,7
3761,2;5;7
3762,1;16;18
3763,7;15
3764,7
3765,7;15
3766,5;11;16
3767,4;7;10
3768,7;18
3769,11;14
3770,5;6;18
3771,6;7;18
3772,5;7;10
3773,4;7
3774,5;6
3775,7;12
3776,7;8;9
3777,7;19
3778,7;15
3779,6;7;14
3780,5;7
3781,2;5;7
3782,5;7
3783,11;14;16
3784,4;7;10
3785,5;15
3786,7;16;18
3787,7;9
3788,5;7;15
3789,7;11;14
3790,4;6;7
3791,6;18
3792,5;7;15
3793,1;5;15
3794,7;11;14
3795,1;16;18
3796,7;15
3797,7
3798,18
3799,7;11;18
3800,7
3801,1;6;7
3802,1;2;7
3803,1;2;18
3804,1;2;9
3805,11;18
3806,6;18
3807,7;11;14
3808,1;2;5
3809,5;7;16
3810,1;6;18
3811,1;2;5
3812,3;2;5
3813,5;7;15
3814,3;5;8
3815,7;11;14
3816,1;16
3817,1;7;10
3818,1;2;18
3819,7;14;18
3820,7;11;14
3821,1;2;9
3822,1;6;18
3823,7
3824,2;5;6
3825,6;7;18
3826,4;7;18
3827,2;5;9
3828,1;2;9
3829,7
3830,2;7;9
3831,5;7;15
3832,6;7;18
3833,14;15;16
3834,5;7;12
3835,6;7;13
3836,4;6;7
3837,1;2;9
3838,1;11;16
3839,1;5;18
3840,1;2;16
3841,1;2;9
3842,7
3843,5;7;15
3844,1;2;7
3845,6;11;14
3846,6;7
3847,1;16;18
3848,7;15;20
3849,7;14
3850,3;5;7
3851,6;11;14
3852,6;7;14
3853,7;19
3854,2;5;6
3855,1;6;7
3856,1;7;20
3857,1;2;6
3858,11;18
3859,1;16;18
3860,3;2;5
3861,2;7;16
3862,7;17
3863,3;1;2002
3864,11;14;18
3865,7;11;14
3866,1;5;11
3867,4;7
3868,1;2;5
3869,1;16;18
3870,1;7;18
3871,7;15
3872,7;11;14
3873,1;2;18
3874,7
3875,11;18
3876,1;5;6
3877,3;2;5
3878,7;13;15
3879,1;2;9
3880,7;15
3881,1;2;11
3882,1;2;6
3883,11
3884,1;5;6
3885,3;2;5
3886,7;18
3887,7;15
3888,2;7
3889,7
3890,6;7
3891,5;6
3892,1;7;18
3893,7;9;11
3894,7;9;11
3895,1;6;18
3896,4;5;7
3897,4;7;15
3898,7
3899,5;8;9
3900,6;7;18
3901,7;14;18
3902,5;15
3903,7;11;14
3904,4;7
3905,1;2;7
3906,7
3907,4;6;7
3908,7;15
3909,4;7;10
3910,1;6;18
3911,4;7;17
3912,3;2;5
3913,1;7;20
3914,3;1;2002
3915,7;11;16
3916,5;7
3917,7;11;14
3918,6;7;14
3919,3;9;11
3920,7;16
3921,2;16;18
3922,5;7
3923,5;8
3924,7;8
3925,1;7;18
3926,7;11;14
3927,6;7;18
3928,9;14;18
3929,7
3930,1;18;19
3931,7;15
3932,7;11;14
3933,1;6;11
3934,11
3935,5;15
3936,1;6;11
3937,4;7;10
3938,4;7;10
3939,7;13
3940,7;11;14
3941,4;7;17
3942,2;5
3943,7
3944,5;18
3945,14;18
3946,7
3947,7;11
3948,2;16;18
3949,7
3950,1;2;7
3951,5
3952,7;18
3953,7;11;14
3954,1;2;16
3955,5;7;17
3956,9;11;14
3957,11;18
3958,3;5;8
3959,1;2;9
3960,5;7
3961,7
3962,7
3963,1;6;7
3964,3;2;7
3965,3;1;9
3966,3;2;5
3967,7;9;16
3968,1;18
3969,3;2;5
3970,7;11;18
3971,3;2;5
3972,4;7;10
3973,4;7;15
3974,3;1;9
3975,3;2;5
3976,7;18
3977,1;2;18
3978,4;7;15
3979,5
3980,11;14;18
3981,7;13;15
3982,5;7
3983,7;13;15
3984,5;7
3985,1;2;5
3986,3;2;5
3987,7;18
3988,3;2;5
3989,9;11;18
3990,4;7
3991,1;6;7
3992,5;7
3993,1;2;15
3994,1;5;6
3995,1;18
3996,5;7;12
3997,6;7;14
3998,18
3999,1;7;18
4000,1;18
